{
  "appId": "com.gmarketvilla.app",
  "appName": "G-Market Villa",
  "webDir": "www",
  "bundledWebRuntime": false,
  "plugins": {
    "SplashScreen": {
      "launchShowDuration": 3000,
      "launchAutoHide": true,
      "backgroundColor": "#1e5631",
      "androidSplashResourceName": "splash",
      "androidScaleType": "CENTER_CROP",
      "showSpinner": true,
      "androidSpinnerStyle": "large",
      "iosSpinnerStyle": "small",
      "spinnerColor": "#ffffff",
      "splashFullScreen": true,
      "splashImmersive": true
    },
    "StatusBar": {
      "overlaysWebView": true,
      "style": "LIGHT",
      "backgroundColor": "#1e5631"
    }
  },
  "android": {
    "allowMixedContent": true,
    "captureInput": true,
    "webContentsDebuggingEnabled": false
  }
}
